{"Balloons_Erik_Reinhard-Shen14-optimized.png": [0.9508471488952637, 0.9539529085159302, 0.9564106464385986, 0.9584629535675049, 0.9602128863334656, 0.9617278575897217, 0.9630526304244995, 0.964218020439148, 0.9652488827705383, 0.9661674499511719, 0.9669857025146484, 0.96772301197052, 0.9683857560157776, 0.9689826965332031, 0.9695219993591309, 0.9700109958648682, 0.9704576134681702, 0.9708648920059204, 0.9712374806404114, 0.9715796709060669, 0.9718925952911377, 0.9721817970275879, 0.9724496006965637, 0.9726964831352234, 0.9729252457618713, 0.9731399416923523, 0.9733355045318604, 0.9735201001167297, 0.9736914038658142, 0.973850429058075], "Balloons_Erik_Reinhard-Bruce13-optimized.png": [0.9512142539024353, 0.9543850421905518, 0.9568908214569092, 0.9589812755584717, 0.9607608318328857, 0.9622960090637207, 0.9636355042457581, 0.9648092985153198, 0.9658485054969788, 0.9667675495147705, 0.9675852060317993, 0.9683155417442322, 0.968973696231842, 0.9695622324943542, 0.970092236995697, 0.9705697298049927, 0.9710041284561157, 0.9713985919952393, 0.9717574119567871, 0.9720857739448547, 0.9723875522613525, 0.9726620316505432, 0.9729158282279968, 0.9731504321098328, 0.9733676314353943, 0.9735677242279053, 0.9737528562545776, 0.973926305770874, 0.9740849137306213, 0.9742348194122314], "Balloons_Erik_Reinhard-Gu12-optimized.png": [0.9482033252716064, 0.9518224000930786, 0.954659104347229, 0.9570080041885376, 0.9590021371841431, 0.9607157707214355, 0.9622056484222412, 0.9635120034217834, 0.9646615386009216, 0.9656804203987122, 0.966585636138916, 0.9673951864242554, 0.9681215286254883, 0.9687750935554504, 0.9693622589111328, 0.9698926210403442, 0.9703715443611145, 0.970810055732727, 0.971206784248352, 0.9715709090232849, 0.9719030857086182, 0.9722080826759338, 0.9724881052970886, 0.9727454781532288, 0.9729830026626587, 0.9732018709182739, 0.9734066128730774, 0.9735949039459229, 0.973770260810852, 0.9739328026771545], "Balloons_Erik_Reinhard-Mertens07-optimized.png": [0.9478476047515869, 0.9513527750968933, 0.9541293382644653, 0.9564482569694519, 0.9584278464317322, 0.9601394534111023, 0.9616338610649109, 0.962947428226471, 0.9641086459159851, 0.9651386737823486, 0.966057300567627, 0.9668782353401184, 0.9676157832145691, 0.9682794213294983, 0.968878448009491, 0.9694194197654724, 0.9699097871780396, 0.9703562259674072, 0.9707652926445007, 0.9711384773254395, 0.9714805483818054, 0.9717932939529419, 0.972081184387207, 0.9723483324050903, 0.9725940227508545, 0.9728225469589233, 0.9730340242385864, 0.9732310771942139, 0.973412811756134, 0.9735836386680603]}