{"Belgium_House_Dani_Lischinski-Bruce13.png": [0.5692824125289917, 0.8900837302207947, 0.9334089756011963, 0.9529699683189392, 0.9634187817573547, 0.9695372581481934, 0.9733387231826782, 0.975804328918457, 0.9774565696716309, 0.9785902500152588, 0.9793840646743774, 0.9799495339393616, 0.9803552627563477, 0.9806505441665649, 0.9808670878410339, 0.9810265898704529, 0.9811447262763977, 0.9812324643135071, 0.9812989830970764, 0.9813482761383057, 0.9813857674598694, 0.9814143180847168, 0.9814360737800598, 0.9814526438713074, 0.981465756893158, 0.9814761281013489, 0.9814832806587219, 0.9814891815185547, 0.9814936518669128, 0.9814974665641785], "Belgium_House_Dani_Lischinski-Mertens07.png": [0.9418559670448303, 0.9750405550003052, 0.9780774712562561, 0.9794049859046936, 0.9801339507102966, 0.9805766344070435, 0.9808623194694519, 0.981052041053772, 0.9811822175979614, 0.98127281665802, 0.981337308883667, 0.9813838005065918, 0.9814162850379944, 0.981440007686615, 0.9814580082893372, 0.9814707636833191, 0.9814806580543518, 0.9814877510070801, 0.9814934134483337, 0.9814973473548889, 0.9815000295639038, 0.9815026521682739, 0.9815040230751038, 0.9815059304237366, 0.98150634765625, 0.9815066456794739, 0.9815070033073425, 0.9815077185630798, 0.9815075397491455, 0.9815075397491455], "Belgium_House_Dani_Lischinski-Shen14.png": [0.8496482372283936, 0.9552876353263855, 0.9678902626037598, 0.9729347825050354, 0.9757094383239746, 0.9774479269981384, 0.978610634803772, 0.9794176816940308, 0.979986310005188, 0.9803915619850159, 0.9806835055351257, 0.9808951616287231, 0.9810506105422974, 0.9811655879020691, 0.9812501668930054, 0.9813137054443359, 0.9813609719276428, 0.9813962578773499, 0.9814233183860779, 0.9814437031745911, 0.9814585447311401, 0.9814702272415161, 0.9814794063568115, 0.9814862012863159, 0.9814910292625427, 0.9814950823783875, 0.9814983010292053, 0.9815008044242859, 0.981502890586853, 0.9815037846565247], "Belgium_House_Dani_Lischinski-Gu12.png": [0.8076571226119995, 0.9612991809844971, 0.971112847328186, 0.9752160310745239, 0.9774203300476074, 0.9787460565567017, 0.979592502117157, 0.9801543951034546, 0.9805383086204529, 0.9808052182197571, 0.9809936881065369, 0.9811297059059143, 0.9812268614768982, 0.9812980890274048, 0.9813506603240967, 0.9813893437385559, 0.9814189076423645, 0.9814406037330627, 0.9814565777778625, 0.9814687371253967, 0.9814779162406921, 0.9814857840538025, 0.9814903140068054, 0.9814947247505188, 0.9814981818199158, 0.9815008044242859, 0.98150235414505, 0.9815040826797485, 0.9815047383308411, 0.9815059304237366]}