{"Arno_Bartlomiej_Okonek-Gu12-optimized.png": [0.9624819159507751, 0.9678804278373718, 0.9715554714202881, 0.9743711948394775, 0.9766077995300293, 0.9784280061721802, 0.9799327850341797, 0.9811927080154419, 0.9822546243667603, 0.9831610918045044, 0.9839374423027039, 0.9846057295799255, 0.985184371471405, 0.9856887459754944, 0.9861284494400024, 0.9865159392356873, 0.9868555068969727, 0.987156867980957, 0.9874230027198792, 0.9876590371131897, 0.9878714084625244, 0.9880610108375549, 0.9882295727729797, 0.9883819818496704, 0.9885193109512329, 0.9886439442634583, 0.9887557625770569, 0.9888589978218079, 0.9889518022537231, 0.9890358448028564], "Arno_Bartlomiej_Okonek-Shen14-optimized.png": [0.9637190699577332, 0.9686338901519775, 0.9719953536987305, 0.9746150970458984, 0.9767279028892517, 0.9784640073776245, 0.9799107909202576, 0.9811301827430725, 0.9821659922599792, 0.983053982257843, 0.983817994594574, 0.984480082988739, 0.9850571155548096, 0.9855603575706482, 0.9860019087791443, 0.9863909482955933, 0.9867334365844727, 0.987038254737854, 0.9873087406158447, 0.9875496625900269, 0.9877646565437317, 0.9879587888717651, 0.988131582736969, 0.9882886409759521, 0.9884299039840698, 0.9885576367378235, 0.9886727333068848, 0.9887772798538208, 0.9888737201690674, 0.988961398601532], "Arno_Bartlomiej_Okonek-Mertens07-optimized.png": [0.9631611704826355, 0.9684212803840637, 0.9719654321670532, 0.9746801257133484, 0.976844310760498, 0.9786078333854675, 0.9800702929496765, 0.9812972545623779, 0.9823341369628906, 0.9832202792167664, 0.9839805364608765, 0.9846361875534058, 0.9852065443992615, 0.9857022166252136, 0.9861369132995605, 0.9865179061889648, 0.986854076385498, 0.9871525764465332, 0.9874159693717957, 0.9876513481140137, 0.9878618717193604, 0.9880492687225342, 0.9882178902626038, 0.9883694052696228, 0.9885059595108032, 0.9886308908462524, 0.9887414574623108, 0.9888441562652588, 0.9889371991157532, 0.9890229105949402], "Arno_Bartlomiej_Okonek-Bruce13-optimized.png": [0.9615863561630249, 0.9669697284698486, 0.9706660509109497, 0.9735316634178162, 0.9758313894271851, 0.9777119159698486, 0.9792725443840027, 0.9805836081504822, 0.9816924333572388, 0.9826398491859436, 0.9834518432617188, 0.9841554164886475, 0.9847668409347534, 0.9852965474128723, 0.985762357711792, 0.9861721992492676, 0.98653244972229, 0.9868529438972473, 0.9871374368667603, 0.9873896241188049, 0.9876148700714111, 0.9878174662590027, 0.9879986643791199, 0.9881627559661865, 0.9883090257644653, 0.9884427189826965, 0.9885649085044861, 0.9886749386787415, 0.9887760281562805, 0.9888675212860107]}