{"Balloons_Erik_Reinhard-Shen14.png": [0.9085637331008911, 0.972946047782898, 0.9807499051094055, 0.9839912056922913, 0.9858042001724243, 0.9869844317436218, 0.9878154397010803, 0.9884244799613953, 0.9888822436332703, 0.9892323613166809, 0.9895024299621582, 0.9897124171257019, 0.9898771643638611, 0.9900059700012207, 0.9901094436645508, 0.9901896715164185, 0.9902561902999878, 0.9903092980384827, 0.9903510808944702, 0.990385115146637, 0.9904131293296814, 0.9904348850250244, 0.99045330286026, 0.9904693365097046, 0.9904804229736328, 0.9904903173446655, 0.9904987812042236, 0.9905063509941101, 0.9905112981796265, 0.9905157685279846], "Balloons_Erik_Reinhard-Mertens07.png": [0.9331350326538086, 0.9833368062973022, 0.9877256155014038, 0.9891284704208374, 0.9897269606590271, 0.9900301098823547, 0.9902021288871765, 0.990306556224823, 0.9903732538223267, 0.9904180765151978, 0.9904497861862183, 0.9904713034629822, 0.9904865026473999, 0.9904987812042236, 0.9905062317848206, 0.9905133247375488, 0.990519642829895, 0.9905236959457397, 0.9905253648757935, 0.9905276894569397, 0.9905292391777039, 0.9905306696891785, 0.9905326962471008, 0.9905332922935486, 0.9905341863632202, 0.9905340075492859, 0.9905346035957336, 0.9905351400375366, 0.9905354380607605, 0.9905366897583008], "Balloons_Erik_Reinhard-Gu12.png": [0.7818458676338196, 0.9656625986099243, 0.9772511720657349, 0.981876790523529, 0.9844388365745544, 0.9860683083534241, 0.987182080745697, 0.9879741668701172, 0.9885547757148743, 0.9889876246452332, 0.9893175363540649, 0.9895704984664917, 0.9897669553756714, 0.9899199604988098, 0.9900400638580322, 0.9901359677314758, 0.9902126789093018, 0.9902731776237488, 0.9903221130371094, 0.9903615117073059, 0.9903940558433533, 0.9904201030731201, 0.9904413819313049, 0.9904577732086182, 0.9904721975326538, 0.9904845952987671, 0.9904929399490356, 0.9905012249946594, 0.9905073642730713, 0.9905127882957458], "Balloons_Erik_Reinhard-Bruce13.png": [0.5704914927482605, 0.9185495972633362, 0.9570867419242859, 0.9705780744552612, 0.9772492051124573, 0.9811630249023438, 0.9836890697479248, 0.9854167103767395, 0.9866440892219543, 0.9875396490097046, 0.9882059097290039, 0.9887094497680664, 0.9890941381454468, 0.989391565322876, 0.9896226525306702, 0.989804744720459, 0.9899477958679199, 0.9900611639022827, 0.9901519417762756, 0.9902245998382568, 0.9902831315994263, 0.990329921245575, 0.9903684854507446, 0.9903983473777771, 0.9904241561889648, 0.9904430508613586, 0.9904617667198181, 0.9904749989509583, 0.9904853701591492, 0.9904946684837341]}