{"Arno_Bartlomiej_Okonek-Mertens07.png": [0.9353207945823669, 0.9864344000816345, 0.9901237487792969, 0.991465151309967, 0.9921227693557739, 0.99249267578125, 0.9927144050598145, 0.9928569793701172, 0.9929499626159668, 0.9930123090744019, 0.9930554032325745, 0.993084728717804, 0.9931041598320007, 0.9931192994117737, 0.993129312992096, 0.9931367635726929, 0.9931414127349854, 0.9931455850601196, 0.9931488633155823, 0.9931516647338867, 0.9931527972221375, 0.9931539297103882, 0.9931541085243225, 0.9931541681289673, 0.993154764175415, 0.9931563138961792, 0.9931559562683105, 0.993156909942627, 0.9931561350822449, 0.9931566715240479], "Arno_Bartlomiej_Okonek-Shen14.png": [0.9146918058395386, 0.9860285520553589, 0.9890739321708679, 0.9904468059539795, 0.9912596344947815, 0.9917898178100586, 0.9921514987945557, 0.9924092888832092, 0.9925944805145264, 0.9927298426628113, 0.9928327798843384, 0.9929067492485046, 0.992964506149292, 0.9930078387260437, 0.9930415153503418, 0.9930669665336609, 0.9930863380432129, 0.9931027293205261, 0.9931145906448364, 0.9931240081787109, 0.9931313395500183, 0.9931361675262451, 0.993140459060669, 0.9931434392929077, 0.9931470155715942, 0.9931492209434509, 0.9931516647338867, 0.9931522011756897, 0.9931531548500061, 0.9931539297103882], "Arno_Bartlomiej_Okonek-Bruce13.png": [0.9029092192649841, 0.9769749641418457, 0.9840006828308105, 0.9873650074005127, 0.9892936944961548, 0.9904950857162476, 0.9912814497947693, 0.9918127655982971, 0.9921817183494568, 0.9924424290657043, 0.9926275610923767, 0.9927635788917542, 0.9928617477416992, 0.9929343461990356, 0.9929887652397156, 0.9930289387702942, 0.9930593967437744, 0.9930817484855652, 0.9930992722511292, 0.9931126236915588, 0.9931227564811707, 0.9931305050849915, 0.9931374192237854, 0.9931406378746033, 0.9931451678276062, 0.9931479096412659, 0.9931493997573853, 0.9931515455245972, 0.9931527972221375, 0.9931535124778748], "Arno_Bartlomiej_Okonek-Gu12.png": [0.8142134547233582, 0.97529137134552, 0.9839637875556946, 0.9877679944038391, 0.9897657036781311, 0.9908977746963501, 0.9915910363197327, 0.9920426607131958, 0.9923510551452637, 0.9925683736801147, 0.9927238821983337, 0.9928364157676697, 0.9929180145263672, 0.992977499961853, 0.9930223822593689, 0.9930565357208252, 0.9930797219276428, 0.9930989146232605, 0.9931121468544006, 0.9931235313415527, 0.9931319355964661, 0.9931371212005615, 0.9931426048278809, 0.9931460618972778, 0.9931478500366211, 0.993149995803833, 0.9931511878967285, 0.9931528568267822, 0.9931536912918091, 0.993154764175415]}