{"Belgium_House_Dani_Lischinski-Mertens07-optimized.png": [0.9336953163146973, 0.9396759867668152, 0.9445761442184448, 0.948641300201416, 0.9520496726036072, 0.9549346566200256, 0.9573968648910522, 0.9595146775245667, 0.9613505005836487, 0.9629470109939575, 0.9643444418907166, 0.9655727744102478, 0.9666568040847778, 0.967616856098175, 0.968469500541687, 0.9692292809486389, 0.9699085354804993, 0.9705185294151306, 0.9710658192634583, 0.9715607762336731, 0.9720078110694885, 0.9724124670028687, 0.9727803468704224, 0.9731141328811646, 0.9734190106391907, 0.9736968874931335, 0.9739508032798767, 0.9741836786270142, 0.9743965864181519, 0.9745928049087524], "Belgium_House_Dani_Lischinski-Shen14-optimized.png": [0.9368837475776672, 0.9423072934150696, 0.9467575550079346, 0.9504578113555908, 0.9535713791847229, 0.9562157392501831, 0.9584792256355286, 0.9604331851005554, 0.9621291756629944, 0.9636122584342957, 0.9649150371551514, 0.9660637378692627, 0.9670819044113159, 0.967985987663269, 0.9687909483909607, 0.9695107936859131, 0.9701561331748962, 0.9707363843917847, 0.9712597727775574, 0.9717330932617188, 0.9721616506576538, 0.9725515842437744, 0.9729053974151611, 0.9732283353805542, 0.9735231399536133, 0.9737931489944458, 0.9740405082702637, 0.9742670655250549, 0.9744745492935181, 0.9746659994125366], "Belgium_House_Dani_Lischinski-Bruce13-optimized.png": [0.927684485912323, 0.9343587160110474, 0.9398434162139893, 0.9443979859352112, 0.9482228755950928, 0.9514620900154114, 0.9542273283004761, 0.9566071033477783, 0.9586666226387024, 0.960458517074585, 0.9620274305343628, 0.9634062051773071, 0.9646235108375549, 0.9657016396522522, 0.9666589498519897, 0.9675124287605286, 0.9682751297950745, 0.9689600467681885, 0.9695760607719421, 0.9701322913169861, 0.9706361293792725, 0.9710926413536072, 0.9715075492858887, 0.9718847870826721, 0.972230076789856, 0.9725446701049805, 0.9728330969810486, 0.9730972051620483, 0.9733402132987976, 0.9735645651817322], "Belgium_House_Dani_Lischinski-Gu12-optimized.png": [0.932604968547821, 0.9386357069015503, 0.9435822367668152, 0.9476901888847351, 0.9511401653289795, 0.9540643095970154, 0.9565640091896057, 0.958717405796051, 0.9605857133865356, 0.9622136354446411, 0.9636408686637878, 0.9648984670639038, 0.966009795665741, 0.9669964909553528, 0.9678747653961182, 0.9686591029167175, 0.9693607091903687, 0.9699909687042236, 0.9705594182014465, 0.9710720181465149, 0.9715372323989868, 0.9719600677490234, 0.9723439812660217, 0.9726938605308533, 0.9730136394500732, 0.973305344581604, 0.9735733866691589, 0.9738185405731201, 0.9740439057350159, 0.9742506742477417]}